<?xml version="1.0" encoding="UTF-8"?>
<!DOCTYPE mapper PUBLIC "-//ibatis.apache.org//DTD Mapper 3.0//EN" "http://ibatis.apache.org/dtd/ibatis-3-mapper.dtd">

<mapper namespace="board">
    <sql id="includeBoard">
        WHERE BRDDELETEFLAG='N'
         <if test="searchKeyword!=null and searchKeyword!='' and searchType!=''">
              <foreach item="item" index="index" collection="searchTypeArr" separator=" OR " open="AND (" close=")">
                     ${item} LIKE CONCAT('%', #{searchKeyword},'%' )
              </foreach>
        </if>               
    </sql>

    <select id="selectBoardCount" resultType="Integer" parameterType="com.park.common.SearchVO">
        SELECT COUNT(*)
          FROM TBL_BOARD
         <include refid="includeBoard"/>
    </select> 
    
    <select id="selectBoardList" resultType="com.park.board.BoardVO" parameterType="com.park.common.SearchVO">
        SELECT BRDNO, BRDTITLE, BRDWRITER, DATE_FORMAT(BRDDATE,'%Y-%m-%d') BRDDATE, BRDHIT
             , (SELECT COUNT(*) FROM TBL_BOARDFILE WHERE BRDNO=TB.BRDNO) FILECNT
             , (SELECT COUNT(*) FROM TBL_BOARDREPLY WHERE BRDNO=TB.BRDNO AND REDELETEFLAG='N') REPLYCNT
          FROM TBL_BOARD TB
         <include refid="includeBoard"/>
         ORDER BY BRDNO DESC 
         LIMIT ${rowStart-1}, 10
    </select> 
    
    <insert id="insertBoard" parameterType="com.park.board.BoardVO" >
        <selectKey resultType="String" keyProperty="brdno" order="BEFORE">
            SELECT IFNULL(MAX(BRDNO),0)+1 FROM TBL_BOARD
        </selectKey>
    
        INSERT INTO TBL_BOARD(BRDNO, BRDTITLE, BRDWRITER, BRDMEMO, BRDDATE, BRDHIT, BRDDELETEFLAG)
        VALUES (#{brdno}, #{brdtitle}, #{brdwriter}, #{brdmemo}, NOW(), 0, 'N' )
    </insert>
    
    <update id="updateBoard" parameterType="com.park.board.BoardVO">
        UPDATE TBL_BOARD
           SET BRDTITLE=#{brdtitle}
             , BRDWRITER=#{brdwriter}
             , BRDMEMO=#{brdmemo} 
         WHERE BRDDELETEFLAG='N'
           AND BRDNO=#{brdno}
    </update> 
        
    <select id="selectBoardOne" parameterType="String" resultType="com.park.board.BoardVO">
        SELECT BRDNO, BRDTITLE, BRDWRITER, BRDMEMO, DATE_FORMAT(BRDDATE,'%Y-%m-%d') BRDDATE
          FROM TBL_BOARD
         WHERE BRDDELETEFLAG='N'
           AND BRDNO=#{brdno}
    </select> 

    <update id="updateBoardRead" parameterType="String">
        UPDATE TBL_BOARD
           SET BRDHIT = BRDHIT + 1 
         WHERE BRDNO=#{brdno}
    </update> 

    <delete id="deleteBoardOne" parameterType="String">
        UPDATE TBL_BOARD
           SET BRDDELETEFLAG='Y' 
         WHERE BRDNO=#{brdno}
    </delete> 

    <!-- =============================================================================== -->
    <select id="selectBoardFileList" resultType="com.park.common.FileVO" parameterType="String">
        SELECT FILENO, FILENAME, REALNAME, FILESIZE
          FROM TBL_BOARDFILE
         WHERE BRDNO=#{brdno}
         ORDER BY FILENO DESC 
    </select> 

    <insert id="insertBoardFile" parameterType="com.park.common.FileVO" >
        INSERT INTO TBL_BOARDFILE (BRDNO, FILENAME, REALNAME, FILESIZE)
        VALUES (#{parentPK}, #{filename}, #{realname}, #{filesize})
    </insert>
    <delete id="deleteBoardFile" parameterType="hashmap"> 
        DELETE 
          FROM TBL_BOARDFILE
         WHERE FILENO IN (
              <foreach item="item" index="index" collection="fileno" separator=",">
                     ${item}
              </foreach>  
        )             
    </delete> 

    <!-- =============================================================================== -->
    <select id="selectBoardReplyList" resultType="com.park.board.BoardReplyVO" parameterType="String">
        SELECT BRDNO, RENO, REWRITER, REDELETEFLAG, REMEMO, REDATE, REPARENT, REDEPTH, REORDER
          FROM TBL_BOARDREPLY
         WHERE BRDNO=#{brdno} AND REDELETEFLAG='N'
         ORDER BY REORDER
    </select>
        
    <insert id="insertBoardReply" parameterType="com.park.board.BoardReplyVO" >
        <selectKey resultType="String" keyProperty="reno" order="BEFORE">
            SELECT IFNULL(MAX(RENO),0)+1 FROM TBL_BOARDREPLY
        </selectKey>
    
        INSERT INTO TBL_BOARDREPLY(BRDNO, RENO, REWRITER, REDELETEFLAG, REMEMO, REDATE, REORDER, REPARENT, REDEPTH)
        VALUES (#{brdno}, #{reno}, #{rewriter}, 'N', #{rememo}, NOW(), #{reorder},
                   <choose>
                       <when test="reparent==null">#{reno}, 0</when>
                       <otherwise>#{reparent}, #{redepth}</otherwise>
                   </choose>
               )
    </insert>

    <select id="selectBoardReplyParent" resultType="com.park.board.BoardReplyVO" parameterType="String">
        SELECT BRDNO, REDEPTH+1 REDEPTH, REORDER 
          FROM TBL_BOARDREPLY
         WHERE RENO=#{reparent}
    </select>

    <update id="updateBoardReplyOrder" parameterType="com.park.board.BoardReplyVO"> 
        UPDATE TBL_BOARDREPLY
           SET REORDER = REORDER + 1 
         WHERE BRDNO=#{brdno} AND REORDER>#{reorder}       
    </update> 

    <select id="selectBoardReplyMaxOrder" resultType="Integer" parameterType="String">
        SELECT IFNULL(MAX(REORDER),0)+1
          FROM TBL_BOARDREPLY
         WHERE BRDNO=#{brdno}
    </select>

    <select id="selectBoardReplyChild" resultType="Integer" parameterType="String">
        SELECT COUNT(*)
          FROM TBL_BOARDREPLY
         WHERE REPARENT=#{reparent} AND RENO!=#{reparent} AND REDELETEFLAG='N'
    </select>

    <update id="deleteBoardReply" parameterType="String"> 
        UPDATE TBL_BOARDREPLY
           SET REDELETEFLAG='Y' 
         WHERE RENO=#{reno}       
    </update>
     
    <update id="updateBoardReplyOrder4Delete" parameterType="com.park.board.BoardReplyVO"> 
        UPDATE TBL_BOARDREPLY TBR1
         INNER JOIN TBL_BOARDREPLY TBR2 ON TBR2.BRDNO=TBR1.BRDNO AND TBR1.REORDER >TBR2.REORDER AND TBR1.REDELETEFLAG='N'
           SET TBR1.REORDER = TBR1.REORDER - 1 
         WHERE TBR2.RENO=#{reno} 
    </update>
     
    <update id="updateBoardReply" parameterType="com.park.board.BoardReplyVO">
        UPDATE TBL_BOARDREPLY
           SET REMEMO=#{rememo} 
         WHERE RENO=#{reno}
    </update> 
         
</mapper>

